"Action","User","Incident","Timestamp","Session ID","Request ID","Details"
"updated field","Shubham Nimkar","12 June","09/07/2025, 23:53:59","","b0396db4-de55-403f-8c07-a3db4f2276b5","{""field"":""priority"",""oldValue"":""P3"",""newValue"":""P1""}"
"updated field","Shubham Nimkar","12 June","09/07/2025, 20:28:35","","","{""field"":""urgency"",""oldValue"":""Low"",""newValue"":""High""}"
"updated field","Shubham Nimkar","12 June","09/07/2025, 20:28:08","","","{""field"":""priority"",""oldValue"":"""",""newValue"":""P3""}"
"updated field","Shubham Nimkar","12 June","09/07/2025, 20:28:08","","","{""field"":""urgency"",""oldValue"":"""",""newValue"":""Low""}"
"updated field","Shubham Nimkar","12 June","09/07/2025, 16:15:04","","","{""field"":""meetingUrl"",""newValue"":""http://localhost:3000/incidents/684a3eee1a055929d026c5c5""}"
"updated field","Shubham Nimkar","12 June","09/07/2025, 16:15:04","","","{""field"":""responders"",""oldValue"":[],""newValue"":[""68496339595eb53a1cd5c30b""]}"
"updated field","Shubham Nimkar","12 June","09/07/2025, 16:15:04","","","{""field"":""priority"",""newValue"":""""}"
"updated field","Shubham Nimkar","12 June","09/07/2025, 16:15:04","","","{""field"":""impactedService"",""newValue"":""Monitoring/Alerting""}"
"updated field","Shubham Nimkar","12 June","09/07/2025, 16:15:04","","","{""field"":""incidentType"",""newValue"":""Service Outage""}"
"updated field","Shubham Nimkar","12 June","09/07/2025, 16:15:03","","","{""field"":""team"",""newValue"":""68654c19227f6db64df671a4""}"